Farbwert;Vordergrund_Index;Vordergrund_Name;Vordergrund_Hex;Hintergrund_Index;Hintergrund_Name;Hintergrund_Hex;Beschreibung
0;0;Schwarz;#000000;0;Schwarz;#000000;Schwarz auf Schwarz
1;1;Blau;#0000AA;0;Schwarz;#000000;Blau auf Schwarz
2;2;Gruen;#00AA00;0;Schwarz;#000000;Gruen auf Schwarz
3;3;Cyan;#00AAAA;0;Schwarz;#000000;Cyan auf Schwarz
4;4;Rot;#AA0000;0;Schwarz;#000000;Rot auf Schwarz
5;5;Magenta;#AA00AA;0;Schwarz;#000000;Magenta auf Schwarz
6;6;Braun;#AA5500;0;Schwarz;#000000;Braun auf Schwarz
7;7;Hellgrau;#AAAAAA;0;Schwarz;#000000;Hellgrau auf Schwarz
8;8;Dunkelgrau;#555555;0;Schwarz;#000000;Dunkelgrau auf Schwarz
9;9;Hellblau;#5555FF;0;Schwarz;#000000;Hellblau auf Schwarz
10;10;Hellgruen;#55FF55;0;Schwarz;#000000;Hellgruen auf Schwarz
11;11;Hellcyan;#55FFFF;0;Schwarz;#000000;Hellcyan auf Schwarz
12;12;Hellrot;#FF5555;0;Schwarz;#000000;Hellrot auf Schwarz
13;13;Hellmagenta;#FF55FF;0;Schwarz;#000000;Hellmagenta auf Schwarz
14;14;Gelb;#FFFF55;0;Schwarz;#000000;Gelb auf Schwarz
15;15;Weiss;#FFFFFF;0;Schwarz;#000000;Weiss auf Schwarz
16;0;Schwarz;#000000;1;Blau;#0000AA;Schwarz auf Blau
17;1;Blau;#0000AA;1;Blau;#0000AA;Blau auf Blau
18;2;Gruen;#00AA00;1;Blau;#0000AA;Gruen auf Blau
19;3;Cyan;#00AAAA;1;Blau;#0000AA;Cyan auf Blau
20;4;Rot;#AA0000;1;Blau;#0000AA;Rot auf Blau
21;5;Magenta;#AA00AA;1;Blau;#0000AA;Magenta auf Blau
22;6;Braun;#AA5500;1;Blau;#0000AA;Braun auf Blau
23;7;Hellgrau;#AAAAAA;1;Blau;#0000AA;Hellgrau auf Blau
24;8;Dunkelgrau;#555555;1;Blau;#0000AA;Dunkelgrau auf Blau
25;9;Hellblau;#5555FF;1;Blau;#0000AA;Hellblau auf Blau
26;10;Hellgruen;#55FF55;1;Blau;#0000AA;Hellgruen auf Blau
27;11;Hellcyan;#55FFFF;1;Blau;#0000AA;Hellcyan auf Blau
28;12;Hellrot;#FF5555;1;Blau;#0000AA;Hellrot auf Blau
29;13;Hellmagenta;#FF55FF;1;Blau;#0000AA;Hellmagenta auf Blau
30;14;Gelb;#FFFF55;1;Blau;#0000AA;Gelb auf Blau
31;15;Weiss;#FFFFFF;1;Blau;#0000AA;Weiss auf Blau
32;0;Schwarz;#000000;2;Gruen;#00AA00;Schwarz auf Gruen
33;1;Blau;#0000AA;2;Gruen;#00AA00;Blau auf Gruen
34;2;Gruen;#00AA00;2;Gruen;#00AA00;Gruen auf Gruen
35;3;Cyan;#00AAAA;2;Gruen;#00AA00;Cyan auf Gruen
36;4;Rot;#AA0000;2;Gruen;#00AA00;Rot auf Gruen
37;5;Magenta;#AA00AA;2;Gruen;#00AA00;Magenta auf Gruen
38;6;Braun;#AA5500;2;Gruen;#00AA00;Braun auf Gruen
39;7;Hellgrau;#AAAAAA;2;Gruen;#00AA00;Hellgrau auf Gruen
40;8;Dunkelgrau;#555555;2;Gruen;#00AA00;Dunkelgrau auf Gruen
41;9;Hellblau;#5555FF;2;Gruen;#00AA00;Hellblau auf Gruen
42;10;Hellgruen;#55FF55;2;Gruen;#00AA00;Hellgruen auf Gruen
43;11;Hellcyan;#55FFFF;2;Gruen;#00AA00;Hellcyan auf Gruen
44;12;Hellrot;#FF5555;2;Gruen;#00AA00;Hellrot auf Gruen
45;13;Hellmagenta;#FF55FF;2;Gruen;#00AA00;Hellmagenta auf Gruen
46;14;Gelb;#FFFF55;2;Gruen;#00AA00;Gelb auf Gruen
47;15;Weiss;#FFFFFF;2;Gruen;#00AA00;Weiss auf Gruen
48;0;Schwarz;#000000;3;Cyan;#00AAAA;Schwarz auf Cyan
49;1;Blau;#0000AA;3;Cyan;#00AAAA;Blau auf Cyan
50;2;Gruen;#00AA00;3;Cyan;#00AAAA;Gruen auf Cyan
51;3;Cyan;#00AAAA;3;Cyan;#00AAAA;Cyan auf Cyan
52;4;Rot;#AA0000;3;Cyan;#00AAAA;Rot auf Cyan
53;5;Magenta;#AA00AA;3;Cyan;#00AAAA;Magenta auf Cyan
54;6;Braun;#AA5500;3;Cyan;#00AAAA;Braun auf Cyan
55;7;Hellgrau;#AAAAAA;3;Cyan;#00AAAA;Hellgrau auf Cyan
56;8;Dunkelgrau;#555555;3;Cyan;#00AAAA;Dunkelgrau auf Cyan
57;9;Hellblau;#5555FF;3;Cyan;#00AAAA;Hellblau auf Cyan
58;10;Hellgruen;#55FF55;3;Cyan;#00AAAA;Hellgruen auf Cyan
59;11;Hellcyan;#55FFFF;3;Cyan;#00AAAA;Hellcyan auf Cyan
60;12;Hellrot;#FF5555;3;Cyan;#00AAAA;Hellrot auf Cyan
61;13;Hellmagenta;#FF55FF;3;Cyan;#00AAAA;Hellmagenta auf Cyan
62;14;Gelb;#FFFF55;3;Cyan;#00AAAA;Gelb auf Cyan
63;15;Weiss;#FFFFFF;3;Cyan;#00AAAA;Weiss auf Cyan
64;0;Schwarz;#000000;4;Rot;#AA0000;Schwarz auf Rot
65;1;Blau;#0000AA;4;Rot;#AA0000;Blau auf Rot
66;2;Gruen;#00AA00;4;Rot;#AA0000;Gruen auf Rot
67;3;Cyan;#00AAAA;4;Rot;#AA0000;Cyan auf Rot
68;4;Rot;#AA0000;4;Rot;#AA0000;Rot auf Rot
69;5;Magenta;#AA00AA;4;Rot;#AA0000;Magenta auf Rot
70;6;Braun;#AA5500;4;Rot;#AA0000;Braun auf Rot
71;7;Hellgrau;#AAAAAA;4;Rot;#AA0000;Hellgrau auf Rot
72;8;Dunkelgrau;#555555;4;Rot;#AA0000;Dunkelgrau auf Rot
73;9;Hellblau;#5555FF;4;Rot;#AA0000;Hellblau auf Rot
74;10;Hellgruen;#55FF55;4;Rot;#AA0000;Hellgruen auf Rot
75;11;Hellcyan;#55FFFF;4;Rot;#AA0000;Hellcyan auf Rot
76;12;Hellrot;#FF5555;4;Rot;#AA0000;Hellrot auf Rot
77;13;Hellmagenta;#FF55FF;4;Rot;#AA0000;Hellmagenta auf Rot
78;14;Gelb;#FFFF55;4;Rot;#AA0000;Gelb auf Rot
79;15;Weiss;#FFFFFF;4;Rot;#AA0000;Weiss auf Rot
80;0;Schwarz;#000000;5;Magenta;#AA00AA;Schwarz auf Magenta
81;1;Blau;#0000AA;5;Magenta;#AA00AA;Blau auf Magenta
82;2;Gruen;#00AA00;5;Magenta;#AA00AA;Gruen auf Magenta
83;3;Cyan;#00AAAA;5;Magenta;#AA00AA;Cyan auf Magenta
84;4;Rot;#AA0000;5;Magenta;#AA00AA;Rot auf Magenta
85;5;Magenta;#AA00AA;5;Magenta;#AA00AA;Magenta auf Magenta
86;6;Braun;#AA5500;5;Magenta;#AA00AA;Braun auf Magenta
87;7;Hellgrau;#AAAAAA;5;Magenta;#AA00AA;Hellgrau auf Magenta
88;8;Dunkelgrau;#555555;5;Magenta;#AA00AA;Dunkelgrau auf Magenta
89;9;Hellblau;#5555FF;5;Magenta;#AA00AA;Hellblau auf Magenta
90;10;Hellgruen;#55FF55;5;Magenta;#AA00AA;Hellgruen auf Magenta
91;11;Hellcyan;#55FFFF;5;Magenta;#AA00AA;Hellcyan auf Magenta
92;12;Hellrot;#FF5555;5;Magenta;#AA00AA;Hellrot auf Magenta
93;13;Hellmagenta;#FF55FF;5;Magenta;#AA00AA;Hellmagenta auf Magenta
94;14;Gelb;#FFFF55;5;Magenta;#AA00AA;Gelb auf Magenta
95;15;Weiss;#FFFFFF;5;Magenta;#AA00AA;Weiss auf Magenta
96;0;Schwarz;#000000;6;Braun;#AA5500;Schwarz auf Braun
97;1;Blau;#0000AA;6;Braun;#AA5500;Blau auf Braun
98;2;Gruen;#00AA00;6;Braun;#AA5500;Gruen auf Braun
99;3;Cyan;#00AAAA;6;Braun;#AA5500;Cyan auf Braun
100;4;Rot;#AA0000;6;Braun;#AA5500;Rot auf Braun
101;5;Magenta;#AA00AA;6;Braun;#AA5500;Magenta auf Braun
102;6;Braun;#AA5500;6;Braun;#AA5500;Braun auf Braun
103;7;Hellgrau;#AAAAAA;6;Braun;#AA5500;Hellgrau auf Braun
104;8;Dunkelgrau;#555555;6;Braun;#AA5500;Dunkelgrau auf Braun
105;9;Hellblau;#5555FF;6;Braun;#AA5500;Hellblau auf Braun
106;10;Hellgruen;#55FF55;6;Braun;#AA5500;Hellgruen auf Braun
107;11;Hellcyan;#55FFFF;6;Braun;#AA5500;Hellcyan auf Braun
108;12;Hellrot;#FF5555;6;Braun;#AA5500;Hellrot auf Braun
109;13;Hellmagenta;#FF55FF;6;Braun;#AA5500;Hellmagenta auf Braun
110;14;Gelb;#FFFF55;6;Braun;#AA5500;Gelb auf Braun
111;15;Weiss;#FFFFFF;6;Braun;#AA5500;Weiss auf Braun
112;0;Schwarz;#000000;7;Hellgrau;#AAAAAA;Schwarz auf Hellgrau
113;1;Blau;#0000AA;7;Hellgrau;#AAAAAA;Blau auf Hellgrau
114;2;Gruen;#00AA00;7;Hellgrau;#AAAAAA;Gruen auf Hellgrau
115;3;Cyan;#00AAAA;7;Hellgrau;#AAAAAA;Cyan auf Hellgrau
116;4;Rot;#AA0000;7;Hellgrau;#AAAAAA;Rot auf Hellgrau
117;5;Magenta;#AA00AA;7;Hellgrau;#AAAAAA;Magenta auf Hellgrau
118;6;Braun;#AA5500;7;Hellgrau;#AAAAAA;Braun auf Hellgrau
119;7;Hellgrau;#AAAAAA;7;Hellgrau;#AAAAAA;Hellgrau auf Hellgrau
120;8;Dunkelgrau;#555555;7;Hellgrau;#AAAAAA;Dunkelgrau auf Hellgrau
121;9;Hellblau;#5555FF;7;Hellgrau;#AAAAAA;Hellblau auf Hellgrau
122;10;Hellgruen;#55FF55;7;Hellgrau;#AAAAAA;Hellgruen auf Hellgrau
123;11;Hellcyan;#55FFFF;7;Hellgrau;#AAAAAA;Hellcyan auf Hellgrau
124;12;Hellrot;#FF5555;7;Hellgrau;#AAAAAA;Hellrot auf Hellgrau
125;13;Hellmagenta;#FF55FF;7;Hellgrau;#AAAAAA;Hellmagenta auf Hellgrau
126;14;Gelb;#FFFF55;7;Hellgrau;#AAAAAA;Gelb auf Hellgrau
127;15;Weiss;#FFFFFF;7;Hellgrau;#AAAAAA;Weiss auf Hellgrau
128;0;Schwarz;#000000;8;Dunkelgrau;#555555;Schwarz auf Dunkelgrau
129;1;Blau;#0000AA;8;Dunkelgrau;#555555;Blau auf Dunkelgrau
130;2;Gruen;#00AA00;8;Dunkelgrau;#555555;Gruen auf Dunkelgrau
131;3;Cyan;#00AAAA;8;Dunkelgrau;#555555;Cyan auf Dunkelgrau
132;4;Rot;#AA0000;8;Dunkelgrau;#555555;Rot auf Dunkelgrau
133;5;Magenta;#AA00AA;8;Dunkelgrau;#555555;Magenta auf Dunkelgrau
134;6;Braun;#AA5500;8;Dunkelgrau;#555555;Braun auf Dunkelgrau
135;7;Hellgrau;#AAAAAA;8;Dunkelgrau;#555555;Hellgrau auf Dunkelgrau
136;8;Dunkelgrau;#555555;8;Dunkelgrau;#555555;Dunkelgrau auf Dunkelgrau
137;9;Hellblau;#5555FF;8;Dunkelgrau;#555555;Hellblau auf Dunkelgrau
138;10;Hellgruen;#55FF55;8;Dunkelgrau;#555555;Hellgruen auf Dunkelgrau
139;11;Hellcyan;#55FFFF;8;Dunkelgrau;#555555;Hellcyan auf Dunkelgrau
140;12;Hellrot;#FF5555;8;Dunkelgrau;#555555;Hellrot auf Dunkelgrau
141;13;Hellmagenta;#FF55FF;8;Dunkelgrau;#555555;Hellmagenta auf Dunkelgrau
142;14;Gelb;#FFFF55;8;Dunkelgrau;#555555;Gelb auf Dunkelgrau
143;15;Weiss;#FFFFFF;8;Dunkelgrau;#555555;Weiss auf Dunkelgrau
144;0;Schwarz;#000000;9;Hellblau;#5555FF;Schwarz auf Hellblau
145;1;Blau;#0000AA;9;Hellblau;#5555FF;Blau auf Hellblau
146;2;Gruen;#00AA00;9;Hellblau;#5555FF;Gruen auf Hellblau
147;3;Cyan;#00AAAA;9;Hellblau;#5555FF;Cyan auf Hellblau
148;4;Rot;#AA0000;9;Hellblau;#5555FF;Rot auf Hellblau
149;5;Magenta;#AA00AA;9;Hellblau;#5555FF;Magenta auf Hellblau
150;6;Braun;#AA5500;9;Hellblau;#5555FF;Braun auf Hellblau
151;7;Hellgrau;#AAAAAA;9;Hellblau;#5555FF;Hellgrau auf Hellblau
152;8;Dunkelgrau;#555555;9;Hellblau;#5555FF;Dunkelgrau auf Hellblau
153;9;Hellblau;#5555FF;9;Hellblau;#5555FF;Hellblau auf Hellblau
154;10;Hellgruen;#55FF55;9;Hellblau;#5555FF;Hellgruen auf Hellblau
155;11;Hellcyan;#55FFFF;9;Hellblau;#5555FF;Hellcyan auf Hellblau
156;12;Hellrot;#FF5555;9;Hellblau;#5555FF;Hellrot auf Hellblau
157;13;Hellmagenta;#FF55FF;9;Hellblau;#5555FF;Hellmagenta auf Hellblau
158;14;Gelb;#FFFF55;9;Hellblau;#5555FF;Gelb auf Hellblau
159;15;Weiss;#FFFFFF;9;Hellblau;#5555FF;Weiss auf Hellblau
160;0;Schwarz;#000000;10;Hellgruen;#55FF55;Schwarz auf Hellgruen
161;1;Blau;#0000AA;10;Hellgruen;#55FF55;Blau auf Hellgruen
162;2;Gruen;#00AA00;10;Hellgruen;#55FF55;Gruen auf Hellgruen
163;3;Cyan;#00AAAA;10;Hellgruen;#55FF55;Cyan auf Hellgruen
164;4;Rot;#AA0000;10;Hellgruen;#55FF55;Rot auf Hellgruen
165;5;Magenta;#AA00AA;10;Hellgruen;#55FF55;Magenta auf Hellgruen
166;6;Braun;#AA5500;10;Hellgruen;#55FF55;Braun auf Hellgruen
167;7;Hellgrau;#AAAAAA;10;Hellgruen;#55FF55;Hellgrau auf Hellgruen
168;8;Dunkelgrau;#555555;10;Hellgruen;#55FF55;Dunkelgrau auf Hellgruen
169;9;Hellblau;#5555FF;10;Hellgruen;#55FF55;Hellblau auf Hellgruen
170;10;Hellgruen;#55FF55;10;Hellgruen;#55FF55;Hellgruen auf Hellgruen
171;11;Hellcyan;#55FFFF;10;Hellgruen;#55FF55;Hellcyan auf Hellgruen
172;12;Hellrot;#FF5555;10;Hellgruen;#55FF55;Hellrot auf Hellgruen
173;13;Hellmagenta;#FF55FF;10;Hellgruen;#55FF55;Hellmagenta auf Hellgruen
174;14;Gelb;#FFFF55;10;Hellgruen;#55FF55;Gelb auf Hellgruen
175;15;Weiss;#FFFFFF;10;Hellgruen;#55FF55;Weiss auf Hellgruen
176;0;Schwarz;#000000;11;Hellcyan;#55FFFF;Schwarz auf Hellcyan
177;1;Blau;#0000AA;11;Hellcyan;#55FFFF;Blau auf Hellcyan
178;2;Gruen;#00AA00;11;Hellcyan;#55FFFF;Gruen auf Hellcyan
179;3;Cyan;#00AAAA;11;Hellcyan;#55FFFF;Cyan auf Hellcyan
180;4;Rot;#AA0000;11;Hellcyan;#55FFFF;Rot auf Hellcyan
181;5;Magenta;#AA00AA;11;Hellcyan;#55FFFF;Magenta auf Hellcyan
182;6;Braun;#AA5500;11;Hellcyan;#55FFFF;Braun auf Hellcyan
183;7;Hellgrau;#AAAAAA;11;Hellcyan;#55FFFF;Hellgrau auf Hellcyan
184;8;Dunkelgrau;#555555;11;Hellcyan;#55FFFF;Dunkelgrau auf Hellcyan
185;9;Hellblau;#5555FF;11;Hellcyan;#55FFFF;Hellblau auf Hellcyan
186;10;Hellgruen;#55FF55;11;Hellcyan;#55FFFF;Hellgruen auf Hellcyan
187;11;Hellcyan;#55FFFF;11;Hellcyan;#55FFFF;Hellcyan auf Hellcyan
188;12;Hellrot;#FF5555;11;Hellcyan;#55FFFF;Hellrot auf Hellcyan
189;13;Hellmagenta;#FF55FF;11;Hellcyan;#55FFFF;Hellmagenta auf Hellcyan
190;14;Gelb;#FFFF55;11;Hellcyan;#55FFFF;Gelb auf Hellcyan
191;15;Weiss;#FFFFFF;11;Hellcyan;#55FFFF;Weiss auf Hellcyan
192;0;Schwarz;#000000;12;Hellrot;#FF5555;Schwarz auf Hellrot
193;1;Blau;#0000AA;12;Hellrot;#FF5555;Blau auf Hellrot
194;2;Gruen;#00AA00;12;Hellrot;#FF5555;Gruen auf Hellrot
195;3;Cyan;#00AAAA;12;Hellrot;#FF5555;Cyan auf Hellrot
196;4;Rot;#AA0000;12;Hellrot;#FF5555;Rot auf Hellrot
197;5;Magenta;#AA00AA;12;Hellrot;#FF5555;Magenta auf Hellrot
198;6;Braun;#AA5500;12;Hellrot;#FF5555;Braun auf Hellrot
199;7;Hellgrau;#AAAAAA;12;Hellrot;#FF5555;Hellgrau auf Hellrot
200;8;Dunkelgrau;#555555;12;Hellrot;#FF5555;Dunkelgrau auf Hellrot
201;9;Hellblau;#5555FF;12;Hellrot;#FF5555;Hellblau auf Hellrot
202;10;Hellgruen;#55FF55;12;Hellrot;#FF5555;Hellgruen auf Hellrot
203;11;Hellcyan;#55FFFF;12;Hellrot;#FF5555;Hellcyan auf Hellrot
204;12;Hellrot;#FF5555;12;Hellrot;#FF5555;Hellrot auf Hellrot
205;13;Hellmagenta;#FF55FF;12;Hellrot;#FF5555;Hellmagenta auf Hellrot
206;14;Gelb;#FFFF55;12;Hellrot;#FF5555;Gelb auf Hellrot
207;15;Weiss;#FFFFFF;12;Hellrot;#FF5555;Weiss auf Hellrot
208;0;Schwarz;#000000;13;Hellmagenta;#FF55FF;Schwarz auf Hellmagenta
209;1;Blau;#0000AA;13;Hellmagenta;#FF55FF;Blau auf Hellmagenta
210;2;Gruen;#00AA00;13;Hellmagenta;#FF55FF;Gruen auf Hellmagenta
211;3;Cyan;#00AAAA;13;Hellmagenta;#FF55FF;Cyan auf Hellmagenta
212;4;Rot;#AA0000;13;Hellmagenta;#FF55FF;Rot auf Hellmagenta
213;5;Magenta;#AA00AA;13;Hellmagenta;#FF55FF;Magenta auf Hellmagenta
214;6;Braun;#AA5500;13;Hellmagenta;#FF55FF;Braun auf Hellmagenta
215;7;Hellgrau;#AAAAAA;13;Hellmagenta;#FF55FF;Hellgrau auf Hellmagenta
216;8;Dunkelgrau;#555555;13;Hellmagenta;#FF55FF;Dunkelgrau auf Hellmagenta
217;9;Hellblau;#5555FF;13;Hellmagenta;#FF55FF;Hellblau auf Hellmagenta
218;10;Hellgruen;#55FF55;13;Hellmagenta;#FF55FF;Hellgruen auf Hellmagenta
219;11;Hellcyan;#55FFFF;13;Hellmagenta;#FF55FF;Hellcyan auf Hellmagenta
220;12;Hellrot;#FF5555;13;Hellmagenta;#FF55FF;Hellrot auf Hellmagenta
221;13;Hellmagenta;#FF55FF;13;Hellmagenta;#FF55FF;Hellmagenta auf Hellmagenta
222;14;Gelb;#FFFF55;13;Hellmagenta;#FF55FF;Gelb auf Hellmagenta
223;15;Weiss;#FFFFFF;13;Hellmagenta;#FF55FF;Weiss auf Hellmagenta
224;0;Schwarz;#000000;14;Gelb;#FFFF55;Schwarz auf Gelb
225;1;Blau;#0000AA;14;Gelb;#FFFF55;Blau auf Gelb
226;2;Gruen;#00AA00;14;Gelb;#FFFF55;Gruen auf Gelb
227;3;Cyan;#00AAAA;14;Gelb;#FFFF55;Cyan auf Gelb
228;4;Rot;#AA0000;14;Gelb;#FFFF55;Rot auf Gelb
229;5;Magenta;#AA00AA;14;Gelb;#FFFF55;Magenta auf Gelb
230;6;Braun;#AA5500;14;Gelb;#FFFF55;Braun auf Gelb
231;7;Hellgrau;#AAAAAA;14;Gelb;#FFFF55;Hellgrau auf Gelb
232;8;Dunkelgrau;#555555;14;Gelb;#FFFF55;Dunkelgrau auf Gelb
233;9;Hellblau;#5555FF;14;Gelb;#FFFF55;Hellblau auf Gelb
234;10;Hellgruen;#55FF55;14;Gelb;#FFFF55;Hellgruen auf Gelb
235;11;Hellcyan;#55FFFF;14;Gelb;#FFFF55;Hellcyan auf Gelb
236;12;Hellrot;#FF5555;14;Gelb;#FFFF55;Hellrot auf Gelb
237;13;Hellmagenta;#FF55FF;14;Gelb;#FFFF55;Hellmagenta auf Gelb
238;14;Gelb;#FFFF55;14;Gelb;#FFFF55;Gelb auf Gelb
239;15;Weiss;#FFFFFF;14;Gelb;#FFFF55;Weiss auf Gelb
240;0;Schwarz;#000000;15;Weiss;#FFFFFF;Schwarz auf Weiss
241;1;Blau;#0000AA;15;Weiss;#FFFFFF;Blau auf Weiss
242;2;Gruen;#00AA00;15;Weiss;#FFFFFF;Gruen auf Weiss
243;3;Cyan;#00AAAA;15;Weiss;#FFFFFF;Cyan auf Weiss
244;4;Rot;#AA0000;15;Weiss;#FFFFFF;Rot auf Weiss
245;5;Magenta;#AA00AA;15;Weiss;#FFFFFF;Magenta auf Weiss
246;6;Braun;#AA5500;15;Weiss;#FFFFFF;Braun auf Weiss
247;7;Hellgrau;#AAAAAA;15;Weiss;#FFFFFF;Hellgrau auf Weiss
248;8;Dunkelgrau;#555555;15;Weiss;#FFFFFF;Dunkelgrau auf Weiss
249;9;Hellblau;#5555FF;15;Weiss;#FFFFFF;Hellblau auf Weiss
250;10;Hellgruen;#55FF55;15;Weiss;#FFFFFF;Hellgruen auf Weiss
251;11;Hellcyan;#55FFFF;15;Weiss;#FFFFFF;Hellcyan auf Weiss
252;12;Hellrot;#FF5555;15;Weiss;#FFFFFF;Hellrot auf Weiss
253;13;Hellmagenta;#FF55FF;15;Weiss;#FFFFFF;Hellmagenta auf Weiss
254;14;Gelb;#FFFF55;15;Weiss;#FFFFFF;Gelb auf Weiss
255;15;Weiss;#FFFFFF;15;Weiss;#FFFFFF;Weiss auf Weiss
